host_ip,average_session_time
87.169.99.232,1.431839159E9
99.188.185.40,1.43186071E9
31.45.226.43,1.431889548E9
5.39.15.151,1.4319471255E9
131.114.11.55,1.4320317275E9
188.238.146.131,1.432119939E9
208.43.243.244,1.4321271305E9
180.76.5.74,1.431903959E9
203.84.135.120,1.4319471486666667E9
76.164.234.106,1.43195431E9
128.179.155.97,1.4321043326666667E9
173.192.238.44,1.432109148E9
86.185.215.203,1.432116354E9
107.170.40.205,1.43197232825E9
213.180.27.58,1.4319831E9
197.187.26.144,1.431997523E9
173.213.76.77,1.4320119225E9
109.74.154.79,1.4320587325714285E9
200.10.161.5,1.432096537E9
82.60.18.23,1.4321163315E9
41.249.219.90,1.432123539E9
209.118.149.82,1.4321343315E9
24.8.92.137,1.4320182325E9
77.248.77.178,1.4318895278333333E9
177.229.230.254,1.432037146E9
189.221.118.68,1.432112701E9
128.141.154.221,1.431990324E9
188.40.60.225,1.43201555E9
118.72.253.84,1.4320299256666667E9
176.198.189.108,1.432040744E9
157.55.34.93,1.43208752E9
195.176.110.194,1.432116358E9
188.252.129.118,1.432134352E9
90.220.199.149,1.4318445278333333E9
197.235.139.144,1.431896737E9
153.174.34.38,1.431907517E9
81.142.35.154,1.4319471345E9
212.90.148.107,1.4319543385E9
65.55.215.237,1.4319543263333333E9
54.219.40.115,1.431972316E9
121.244.49.42,1.431990336E9
70.177.214.34,1.43208752E9
200.49.190.100,1.431839138E9
197.36.142.40,1.432091128E9
8.35.201.52,1.432112739E9
207.241.237.228,1.431893795625E9
180.76.6.156,1.431893141E9
194.94.204.181,1.431867932E9
172.56.28.38,1.431889518E9
91.9.25.91,1.4319291236666667E9
94.153.9.168,1.431929127E9
204.236.162.60,1.431936348E9
183.87.253.120,1.4320155206666667E9
193.24.88.211,1.432047926142857E9
195.194.187.106,1.432131750857143E9
187.45.193.158,1.43192643475E9
217.140.110.23,1.4318715293333333E9
91.236.75.26,1.43194353E9
110.143.13.225,1.431957938E9
101.226.33.222,1.432080315E9
62.77.171.249,1.4320803264285715E9
8.35.201.53,1.4321055355E9
54.226.176.99,1.431853521E9
188.207.200.116,1.431914736E9
181.141.250.44,1.431929153E9
176.226.17.33,1.431965127142857E9
87.216.109.88,1.4320299306666667E9
204.236.226.210,1.4320335176666667E9
159.50.249.150,1.43209112625E9
36.38.8.174,1.431846329E9
173.252.80.112,1.431893149E9
207.158.15.119,1.431954301E9
180.76.6.146,1.4319615E9
124.197.25.116,1.431968705E9
193.105.0.2,1.431990319E9
74.125.40.23,1.431990348E9
122.107.211.222,1.4320191215E9
213.87.123.186,1.432040741E9
119.224.20.139,1.432116338E9
72.199.66.220,1.4321199325E9
38.99.236.50,1.4321379341818182E9
46.118.118.101,1.431867914E9
178.24.154.17,1.431875139E9
108.231.135.74,1.4318787376E9
217.69.133.234,1.43195883E9
99.179.126.76,1.431932717E9
24.147.91.100,1.4319363291666667E9
157.56.92.141,1.43194355E9
116.212.243.74,1.431943558E9
203.173.241.145,1.4319615052E9
110.174.108.127,1.432058727E9
82.193.99.33,1.4318463256666667E9
84.198.71.68,1.431860702E9
108.71.169.76,1.431911118E9
130.117.119.79,1.431925559E9
190.239.74.15,1.431947114E9
122.60.77.197,1.4319633345E9
92.163.85.51,1.4319939303333333E9
69.167.130.5,1.4320479284444444E9
200.141.109.74,1.432062346E9
74.76.53.142,1.4321163336666667E9
76.21.44.161,1.432134339E9
66.249.83.223,1.431896717E9
54.242.155.74,1.431907532E9
190.250.238.82,1.431929143E9
128.2.142.104,1.431939934E9
70.83.251.183,1.4319507301818182E9
180.76.5.62,1.431983105E9
129.121.176.228,1.43199752E9
213.52.196.70,1.4320083045E9
89.250.16.2,1.4320119258333333E9
86.19.216.99,1.432029917E9
37.188.233.114,1.4321163405E9
86.1.76.62,1.4318427196666667E9
134.76.249.10,1.43184273E9
65.19.138.34,1.4319951306666667E9
194.254.139.66,1.432022716E9
77.240.31.230,1.4320011321666667E9
200.68.86.233,1.4320659315E9
186.44.199.211,1.432101934E9
86.101.250.29,1.432127126E9
78.193.126.4,1.431882335142857E9
84.60.79.43,1.431900339E9
69.143.198.134,1.431911127E9
2.179.147.248,1.431957952E9
93.42.158.73,1.431990339E9
81.52.143.26,1.431997544E9
218.30.103.114,1.432029937E9
195.37.190.67,1.432083951E9
37.11.0.8,1.4320861448461537E9
165.145.12.44,1.4321091395E9
74.208.172.133,1.432116343E9
54.220.160.83,1.4319817006E9
74.125.40.22,1.43198673E9
89.170.74.95,1.4319309215E9
79.164.36.106,1.431896732E9
79.83.255.199,1.4319003365E9
99.158.0.150,1.4319039218333333E9
91.144.171.126,1.43197592E9
198.27.64.9,1.43205334175E9
24.111.34.227,1.432011932E9
77.175.4.43,1.4320119388333333E9
74.125.19.208,1.432047949E9
216.172.140.128,1.4321091135E9
108.174.55.234,1.4319602810434783E9
198.148.112.117,1.4319723351666667E9
195.250.62.9,1.43202635E9
62.210.189.45,1.432058746E9
180.76.6.56,1.432137956E9
207.241.237.223,1.4318885E9
207.241.237.224,1.43190213625E9
81.198.20.11,1.4319903305714285E9
220.181.108.171,1.431896705E9
180.76.6.150,1.431900343E9
177.144.77.89,1.431929154E9
23.105.131.185,1.4319363425E9
180.76.6.232,1.431939912E9
117.244.105.81,1.431950756E9
82.225.159.87,1.431983123E9
54.224.92.206,1.432037128E9
180.169.2.99,1.432069555E9
54.204.20.250,1.432119921E9
86.182.52.145,1.4318463305E9
143.233.204.28,1.4319455302222223E9
120.202.255.147,1.4319827789E9
106.66.30.77,1.431875136E9
79.191.201.108,1.4318859223333333E9
199.15.233.137,1.431889511E9
74.125.176.145,1.43201643125E9
173.55.80.151,1.431929156E9
27.252.40.146,1.431954336E9
46.165.197.141,1.4319795325E9
194.149.247.24,1.4320330175714285E9
139.184.30.132,1.4320455294444444E9
105.224.234.235,1.43204794E9
173.164.44.34,1.4321343303333333E9
207.241.237.104,1.4318787326923077E9
180.76.6.48,1.431857156E9
180.76.6.57,1.431864327E9
49.204.238.249,1.431878727142857E9
91.68.55.56,1.4318895455E9
201.216.154.220,1.431889553E9
83.252.13.79,1.4320119385E9
203.173.194.136,1.43195795E9
80.89.192.53,1.431977727E9
14.160.65.22,1.43204749546E9
190.198.191.75,1.4321091418333333E9
66.187.233.202,1.4321091288333333E9
204.236.190.162,1.432123548E9
217.69.133.70,1.4319210175E9
83.115.137.249,1.4318967305E9
212.84.56.58,1.431911117E9
68.8.191.88,1.431950727E9
67.171.28.123,1.431975945E9
110.159.23.90,1.43202992625E9
68.14.231.140,1.432112732E9
8.35.201.55,1.432112742E9
5.102.173.71,1.4318427095E9
80.57.170.121,1.4318967275E9
82.127.237.118,1.431896723E9
112.133.195.22,1.431921921E9
66.249.80.128,1.4319669165E9
65.55.215.37,1.431965132E9
150.101.221.21,1.431965102E9
193.179.215.103,1.4320299175E9
80.156.209.18,1.432044324E9
62.12.14.27,1.4320695381666667E9
78.171.202.100,1.4321179315555556E9
5.144.176.206,1.4321235425E9
166.147.88.15,1.4318571472E9
82.165.139.53,1.432054395E9
74.125.176.150,1.4319802474E9
211.9.44.193,1.431954322E9
183.179.22.186,1.4319905920487804E9
63.223.125.175,1.4320227225E9
85.89.160.218,1.432047929E9
194.153.130.2,1.432087553E9
15.211.201.85,1.4321019135E9
70.190.77.28,1.4318679375E9
180.76.5.172,1.431889521E9
69.115.24.125,1.4318967335E9
70.109.45.64,1.4319513321666667E9
81.61.214.106,1.4319795243333333E9
84.95.88.100,1.431986735E9
93.79.237.62,1.431986753E9
69.85.215.56,1.4320839235E9
180.76.5.69,1.432087559E9
194.237.142.21,1.432123554E9
87.64.176.135,1.4321343304E9
185.5.156.107,1.431889537E9
178.32.51.157,1.4319075335E9
37.72.189.120,1.431939909E9
199.30.20.11,1.4319435315E9
80.133.249.216,1.4319507161666667E9
37.187.101.122,1.4319687405E9
62.192.67.154,1.4320119225E9
54.242.167.99,1.432022738E9
189.127.128.209,1.432109112E9
198.46.149.143,1.4319818104634147E9
177.37.188.215,1.431882309E9
74.125.19.84,1.431999315E9
180.76.6.43,1.4320563353333333E9
54.246.137.243,1.4319453055E9
24.5.221.92,1.4320767372E9
204.93.54.167,1.4321127415E9
180.76.6.37,1.431968724E9
62.245.157.217,1.431975913E9
213.160.130.242,1.432026357E9
80.252.78.170,1.4320731301666667E9
129.184.84.12,1.432073116E9
198.208.159.20,1.432080334E9
5.135.113.131,1.4321199205E9
180.153.206.27,1.431947139E9
131.253.24.107,1.431961528E9
180.76.6.17,1.432029916E9
130.88.99.231,1.432037109E9
183.37.131.40,1.4320803294285715E9
202.232.30.232,1.43192911E9
24.210.169.33,1.431929144E9
91.213.10.2,1.4320071338333333E9
129.70.212.93,1.4320299274285715E9
39.41.133.216,1.432051502E9
67.225.29.201,1.432105523E9
31.6.71.243,1.4321145365E9
46.119.114.245,1.432137928E9
208.91.156.11,1.4319817465666666E9
95.222.193.200,1.4319777255E9
180.76.6.54,1.431914717E9
61.12.113.192,1.4319651223333333E9
203.99.206.243,1.431972342E9
118.186.69.62,1.4319975385E9
114.250.134.175,1.432065912E9
108.178.4.100,1.431846324E9
201.244.101.132,1.431860727E9
180.76.5.194,1.431867953E9
180.245.66.177,1.431882334E9
180.76.5.190,1.431911134E9
50.8.159.176,1.4319507247142856E9
213.174.192.220,1.4320695308333333E9
62.159.77.167,1.432112729E9
180.76.5.114,1.432123527E9
151.225.221.231,1.4318787227142856E9
192.227.137.164,1.4318823485E9
157.55.33.114,1.431932727E9
68.13.110.158,1.431954335E9
175.143.7.57,1.4319579293333333E9
79.35.84.239,1.4320839376666667E9
82.247.137.135,1.4318463283333333E9
208.54.40.237,1.4318571245E9
68.151.4.139,1.4318751275E9
208.71.68.122,1.431954345E9
130.185.72.6,1.431975922E9
203.219.136.224,1.4320386767142856E9
46.118.116.232,1.432015525E9
158.102.162.14,1.432026335E9
101.119.18.35,1.4320335244848485E9
70.197.6.64,1.432091115E9
37.137.150.253,1.431903958E9
115.77.7.145,1.4319903354285715E9
207.45.249.135,1.4319903214E9
194.126.102.178,1.4320371276666667E9
180.76.5.21,1.432083931E9
184.66.149.103,1.4321343345405405E9
83.10.253.20,1.431914705E9
188.65.166.78,1.432037113E9
88.61.50.114,1.432037144E9
178.137.5.235,1.432091159E9
70.182.103.221,1.4321019221666667E9
72.9.0.86,1.4321271278333333E9
184.169.233.10,1.431929145E9
69.175.87.242,1.431929144E9
77.1.77.21,1.431972336E9
59.90.241.113,1.4319795256666667E9
68.180.224.235,1.4320170825714285E9
37.252.127.97,1.432083931E9
50.195.216.83,1.431853557E9
180.180.119.57,1.4318607415E9
101.226.168.196,1.431911135E9
189.170.95.135,1.431939933142857E9
219.89.193.142,1.431947144E9
210.246.47.78,1.431950724E9
119.6.7.18,1.4319831353333333E9
220.244.10.116,1.4319903295E9
80.123.167.213,1.4320047485E9
89.107.180.34,1.432098319E9
217.212.224.181,1.431890257E9
193.77.124.16,1.4319219185E9
212.159.68.200,1.4319327231666667E9
111.69.99.101,1.431990324E9
41.74.172.23,1.4319903166666667E9
202.65.36.249,1.432001117E9
64.237.51.169,1.4320263301666667E9
222.14.252.108,1.4321019280769231E9
189.11.65.66,1.4321091261666667E9
78.47.134.185,1.432127141E9
184.185.208.221,1.432132545E9
64.237.35.242,1.43198402525E9
68.97.23.170,1.431882326E9
189.60.115.148,1.431914741E9
184.22.115.74,1.431947128E9
118.92.253.144,1.431965138E9
50.7.50.90,1.432001113E9
178.203.37.192,1.4320299214E9
79.101.87.86,1.432038936375E9
41.248.194.136,1.432044305E9
167.220.26.44,1.432083949E9
93.129.45.32,1.4320839565E9
207.241.237.101,1.431885290764706E9
46.165.197.151,1.4318643235E9
37.115.113.172,1.4319525218333333E9
69.50.176.67,1.431921943E9
194.150.156.142,1.431925524E9
213.95.18.125,1.431975935E9
88.234.222.56,1.43200114E9
217.119.24.14,1.432004719E9
212.180.233.101,1.4321343328333333E9
205.159.86.10,1.431980725E9
188.35.22.24,1.4319489435E9
130.117.119.80,1.4320527186666667E9
88.152.28.187,1.432044315E9
190.131.202.114,1.432105554E9
82.130.48.164,1.4321307405E9
81.34.53.43,1.432134334E9
119.63.196.16,1.43186073E9
199.16.156.124,1.4319075355714285E9
23.21.22.111,1.431882338E9
71.33.204.157,1.4318967215E9
91.191.197.87,1.432109118E9
5.10.83.73,1.43212354E9
99.17.221.6,1.4321271475E9
72.215.249.101,1.4319327311666667E9
211.150.124.10,1.431943514E9
12.43.40.25,1.4319723293333333E9
120.43.27.41,1.431975911E9
193.77.158.208,1.432040725E9
67.220.144.226,1.4320479535E9
218.30.103.62,1.43192237175E9
87.182.248.236,1.4318787303333333E9
180.76.5.17,1.431882347E9
98.193.68.66,1.4319687186666667E9
173.252.74.113,1.431997528E9
83.25.215.235,1.43209114E9
178.15.11.82,1.4320983281666667E9
178.255.215.83,1.4319101484545455E9
83.31.73.148,1.4318499345E9
46.32.254.207,1.431867943E9
86.180.53.110,1.431925541E9
59.124.42.160,1.4319291316E9
106.187.98.170,1.43195071E9
217.116.157.26,1.4319507352857144E9
150.101.192.144,1.4319654861E9
95.172.74.38,1.4319759276666667E9
213.252.7.178,1.4320053311666667E9
115.114.17.146,1.4320083265E9
180.76.6.49,1.432040734E9
46.26.114.245,1.432047901E9
92.96.157.230,1.432083935E9
24.233.162.179,1.431842731E9
42.107.175.146,1.4318679254E9
198.143.145.210,1.431882354E9
180.76.5.143,1.4319489315E9
59.163.27.11,1.4319654071794872E9
85.254.143.114,1.4320203443333333E9
130.237.218.86,1.4320565217338936E9
183.60.244.24,1.432029947E9
54.236.213.208,1.432069538E9
146.1.1.2,1.4318849759333334E9
166.82.99.140,1.431860724E9
112.110.247.236,1.431867946E9
78.145.242.171,1.4319147221666667E9
199.30.22.61,1.431947126E9
199.59.148.209,1.431954359E9
183.82.101.58,1.431961507E9
98.122.171.175,1.43198513E9
72.177.92.9,1.432105558E9
84.58.19.108,1.4318859275E9
86.220.101.19,1.4319075445E9
79.170.40.34,1.431948913E9
203.173.200.21,1.431972318E9
190.82.255.69,1.4319723241666667E9
180.76.6.134,1.4320011275E9
111.240.183.248,1.432019136E9
220.181.127.18,1.432026315E9
24.130.53.65,1.432123529E9
71.212.224.97,1.4318427162E9
66.249.81.20,1.4318877235E9
157.55.32.106,1.4319255295E9
122.146.177.66,1.4319147372857144E9
66.49.182.146,1.431943508E9
157.55.33.108,1.431947145E9
219.64.34.68,1.431957929909091E9
220.181.108.185,1.431965118E9
103.9.43.132,1.4319939E9
193.83.204.66,1.432008333625E9
197.237.89.221,1.432112703E9
212.201.44.247,1.431846343E9
195.248.32.227,1.4319809804E9
46.5.254.123,1.4318859264285715E9
85.224.97.187,1.431997544E9
80.118.116.26,1.4319003255714285E9
180.76.5.71,1.431925517E9
69.63.23.193,1.431925541E9
203.81.69.86,1.431936356E9
110.170.125.5,1.431939924E9
54.242.115.144,1.432076709E9
184.154.100.130,1.4320839215E9
116.75.148.149,1.4320844355714285E9
144.76.137.226,1.4318931555E9
31.208.44.206,1.4319615393333333E9
196.14.132.154,1.4319723263333333E9
180.211.193.6,1.43205155E9
99.6.61.4,1.4320803296666667E9
5.10.83.53,1.43213432525E9
70.42.255.243,1.4321343E9
144.76.194.187,1.4318505419268293E9
201.76.90.77,1.431875129E9
128.118.108.67,1.4320927011875E9
193.167.195.60,1.4320551198333333E9
216.107.155.114,1.4320875385E9
173.232.106.129,1.43211995E9
110.136.166.128,1.4318391208333333E9
5.255.72.168,1.4318427145E9
79.185.184.23,1.4318463188333333E9
84.85.130.133,1.4319513291666667E9
95.153.89.104,1.4318571E9
69.171.237.10,1.431900331E9
157.56.93.154,1.4319447143333333E9
68.183.65.140,1.4319291383333333E9
76.2.185.161,1.431936322857143E9
180.76.5.193,1.4319687475E9
8.8.178.123,1.431965113E9
115.112.233.75,1.4320253160769231E9
217.12.215.94,1.431993915E9
89.216.30.194,1.4319975242857144E9
83.216.183.22,1.432055132E9
85.115.58.180,1.4320111667272727E9
83.61.80.53,1.4320758983461537E9
132.229.223.2,1.4321091277142856E9
15.219.153.83,1.4321271176666667E9
71.207.12.53,1.431889526E9
180.76.5.27,1.431846309E9
67.61.162.49,1.431860731E9
74.208.180.23,1.43186075E9
86.76.247.183,1.43189320108E9
86.28.207.22,1.431929122E9
157.56.92.151,1.4320572846E9
54.219.60.151,1.431936333E9
176.181.182.132,1.431954349E9
54.204.217.52,1.43203714E9
27.159.230.187,1.432094716E9
109.190.148.218,1.4320947228333333E9
68.87.42.115,1.432116323E9
199.16.156.125,1.4319419317777777E9
54.219.117.220,1.4318679E9
107.203.4.32,1.431925538E9
79.103.41.39,1.4319324231666667E9
24.196.39.217,1.432008304E9
141.92.18.62,1.432008317E9
151.235.176.219,1.4320713535E9
173.213.97.176,1.432080329E9
99.100.25.83,1.432105533E9
107.170.40.199,1.4319771291666667E9
74.125.176.82,1.431919543E9
107.22.42.225,1.431896726E9
54.219.33.174,1.431900308E9
24.11.96.184,1.4319868182894738E9
46.118.127.106,1.4320429026E9
49.14.115.120,1.432015554E9
173.200.233.195,1.432058751E9
128.214.173.46,1.432065941375E9
54.215.96.68,1.432073137E9
173.192.238.41,1.4319471303333333E9
174.23.200.134,1.4318715308333333E9
23.105.131.64,1.431929132E9
141.0.10.123,1.431954353E9
198.143.155.251,1.4319597395E9
208.43.251.181,1.4320163146875E9
62.24.122.25,1.43199755E9
88.8.30.135,1.4320227326666667E9
31.35.64.245,1.4320335265E9
89.212.62.88,1.4320407411666667E9
81.157.147.252,1.432080341E9
128.147.28.1,1.432091143857143E9
74.125.176.148,1.4319147315E9
46.109.147.195,1.431875112E9
200.123.214.163,1.431896707E9
46.120.130.221,1.431903947E9
88.80.20.186,1.431939939E9
180.76.6.158,1.431986722E9
62.50.6.113,1.4320335203333333E9
157.55.35.114,1.432103727E9
172.56.29.98,1.431849933E9
212.51.173.12,1.4320424627407408E9
217.69.133.235,1.432055133E9
106.51.144.106,1.4320756546E9
190.153.25.242,1.432074937E9
193.252.118.175,1.4320911495E9
80.160.68.134,1.432106337E9
23.229.67.14,1.432128914E9
173.217.194.185,1.431893103E9
109.74.151.149,1.4319075215E9
37.59.47.177,1.4319615E9
173.252.77.116,1.431997531E9
212.39.97.114,1.43200923075E9
65.55.52.94,1.432109142E9
98.115.54.224,1.431875112E9
87.179.0.125,1.431914722E9
98.206.132.188,1.4319399416666667E9
188.159.245.205,1.431957928E9
192.185.83.181,1.431979553E9
83.175.127.2,1.4320155271666667E9
180.76.5.22,1.4319771516666667E9
200.28.244.131,1.432112754E9
208.43.251.180,1.432127127E9
79.224.95.124,1.432130717E9
66.249.73.185,1.4319888499464285E9
91.177.205.119,1.431839135E9
97.74.24.112,1.431930934E9
80.28.130.108,1.431882325E9
117.172.98.228,1.431889531E9
54.215.29.126,1.432011917E9
162.213.42.132,1.432083922E9
97.116.185.190,1.4318427338333333E9
61.174.9.96,1.431889532E9
91.207.7.78,1.43195795E9
180.76.5.26,1.431957904E9
213.17.226.11,1.4320263353333333E9
37.115.112.88,1.4320263163333333E9
173.176.91.196,1.432040744E9
125.122.211.40,1.4320767325E9
200.89.129.197,1.432080346E9
199.59.148.211,1.432105542E9
199.30.20.6,1.43192014475E9
93.203.255.51,1.431875118E9
50.152.223.37,1.43188952E9
174.93.161.163,1.4319291465E9
111.117.160.16,1.431929119E9
119.147.146.189,1.432032331E9
188.253.16.227,1.431961544E9
202.76.247.11,1.431990349E9
193.58.82.178,1.4319975223333333E9
77.241.193.88,1.432040735E9
61.140.183.41,1.432051530375E9
54.219.224.86,1.431860759E9
81.169.144.135,1.431925558E9
67.253.133.120,1.431930922E9
78.46.140.200,1.432015533E9
109.163.234.10,1.432019139E9
200.31.173.106,1.4321200351764705E9
122.166.142.108,1.4318643336764705E9
180.76.5.144,1.431900305E9
157.55.32.109,1.431963325E9
95.97.244.106,1.4319327245E9
115.188.97.115,1.431986735E9
203.122.224.39,1.4319939293333333E9
72.76.128.176,1.432019120142857E9
202.134.13.137,1.432076749E9
183.60.243.242,1.431857126E9
85.246.85.57,1.43192911E9
203.116.59.13,1.431943547E9
74.125.176.147,1.4320443355E9
93.57.95.188,1.432051532E9
125.199.63.98,1.4320695253333333E9
193.30.41.222,1.4320875236666667E9
185.38.249.96,1.432105541E9
31.4.197.143,1.4321307226666667E9
98.216.194.189,1.43191022425E9
192.187.119.210,1.4318823255E9
106.51.250.126,1.4319723223333333E9
193.225.194.254,1.4319975335E9
199.47.81.13,1.432011918E9
216.14.102.16,1.4319443291111112E9
54.226.35.19,1.431871555E9
84.46.60.57,1.4318787233333333E9
62.4.23.48,1.431997528E9
78.166.243.242,1.432047915E9
177.37.5.6,1.4320947275E9
24.190.3.5,1.432116357E9
123.125.71.117,1.431842716E9
98.85.3.179,1.431903929E9
108.170.215.93,1.43190391875E9
173.11.136.157,1.43193993E9
173.242.120.61,1.4320119223333333E9
141.89.226.149,1.4320215183333333E9
69.26.164.70,1.432037132E9
178.222.167.128,1.4320407325E9
95.153.110.172,1.432069509E9
54.215.118.244,1.432087541E9
183.221.90.177,1.432091133E9
81.82.116.247,1.431907502E9
69.175.14.228,1.431929152E9
60.234.195.253,1.431972358E9
76.176.53.173,1.4319759347142856E9
78.6.176.46,1.4320299238333333E9
206.47.94.142,1.4320628372857144E9
213.150.233.62,1.4320947425E9
46.166.199.137,1.43213432E9
180.180.97.143,1.431925523E9
74.125.176.80,1.431943526E9
90.175.31.133,1.4319723515E9
195.27.15.134,1.431993932E9
192.254.138.148,1.43208392E9
84.215.206.35,1.43213075E9
83.149.9.216,1.4318391348636363E9
46.105.14.53,1.4319803803186812E9
209.17.114.78,1.4320415427E9
187.210.142.8,1.43191471E9
122.57.207.174,1.431954328E9
180.76.5.64,1.431975926E9
180.76.6.148,1.431993954E9
5.0.46.207,1.431997503E9
75.67.42.229,1.4320232507142856E9
178.17.6.226,1.4320767408333333E9
163.157.254.25,1.4320875305E9
5.10.83.66,1.432109112E9
8.35.201.54,1.43211272E9
99.146.78.102,1.43212714E9
88.196.179.78,1.431938127E9
54.211.215.107,1.431871553E9
99.33.244.41,1.4318831352222223E9
5.63.5.62,1.431889559E9
199.189.248.95,1.431907535E9
119.36.179.179,1.431943526E9
46.119.121.49,1.4320317365E9
155.140.133.248,1.43199752625E9
180.76.5.154,1.432008319E9
14.141.56.98,1.4320119332E9
220.245.217.154,1.4320371196666667E9
121.107.188.202,1.431842709E9
108.32.74.68,1.4318463249285715E9
166.137.8.20,1.43191113E9
197.153.69.109,1.431914715E9
208.43.255.28,1.4319563882857144E9
216.14.198.50,1.431954334625E9
91.217.86.20,1.43199752E9
125.237.203.218,1.432015539E9
31.41.216.135,1.432105541E9
95.108.158.230,1.432114547E9
116.203.238.137,1.4321055191666667E9
82.130.49.223,1.4321307185E9
41.223.160.234,1.431857113E9
46.28.105.80,1.431903946E9
96.36.44.80,1.431936319E9
180.76.5.75,1.431939927E9
192.91.173.36,1.431968748E9
217.26.210.20,1.431990357E9
184.154.137.213,1.432094745E9
93.175.2.211,1.43211633E9
212.197.170.45,1.431846331E9
74.218.234.48,1.4318679111666667E9
198.228.201.171,1.4318715266E9
94.7.215.43,1.4318815215555556E9
131.253.24.76,1.4319075216666667E9
108.184.124.170,1.432116333E9
69.160.56.236,1.43188953325E9
173.44.57.180,1.431893147E9
62.245.76.5,1.431903937E9
46.4.101.88,1.431965114E9
97.93.16.156,1.431925549E9
23.24.200.86,1.431983133E9
118.92.157.140,1.432040757E9
78.26.132.172,1.4320551265E9
217.195.202.13,1.4320585725217392E9
198.167.137.193,1.432069514E9
5.10.83.98,1.4321181335E9
89.2.87.1,1.4318571277222223E9
84.112.29.184,1.431889533E9
74.125.176.83,1.432010127E9
187.211.57.202,1.431929145E9
5.153.234.2,1.4320119265E9
85.76.162.29,1.432019103E9
129.27.3.93,1.432091157E9
173.236.32.108,1.4318895105E9
85.168.225.197,1.4319111278888888E9
220.181.108.150,1.431939907E9
96.49.174.109,1.431939949E9
74.208.16.115,1.431990349E9
183.91.14.219,1.431990326E9
72.182.73.81,1.432069533E9
130.126.255.52,1.43210373E9
174.36.228.156,1.432118123E9
176.14.63.246,1.4321055136666667E9
115.245.219.74,1.432109135E9
212.101.243.11,1.432109108E9
5.144.176.110,1.432112727E9
50.131.220.143,1.432123523857143E9
80.32.77.152,1.4319147326666667E9
199.116.117.212,1.431954335E9
223.225.206.164,1.432069512E9
120.136.4.243,1.432137913E9
157.56.92.158,1.4320275223333333E9
66.211.105.190,1.4318823371666667E9
50.105.149.90,1.431914756E9
125.239.81.249,1.431950732E9
180.76.5.118,1.4319597485E9
155.69.2.12,1.431975959E9
87.158.133.11,1.431986726E9
173.252.74.112,1.431997523E9
204.93.54.177,1.4320659215E9
5.10.83.21,1.4321307365E9
107.170.41.69,1.4319583001E9
190.73.45.219,1.4318679295E9
60.53.124.75,1.432004719E9
217.91.18.234,1.432015548E9
46.53.98.24,1.432040713E9
178.118.111.33,1.4320731273333333E9
179.179.206.176,1.4321091356666667E9
66.169.220.99,1.432137903E9
66.249.73.135,1.4319822265892117E9
207.241.237.102,1.4318814906153846E9
90.1.43.248,1.43187151975E9
95.234.214.194,1.43190394E9
202.59.2.2,1.4319929064285715E9
61.135.169.84,1.4319975275E9
204.244.74.22,1.431997514E9
95.87.197.134,1.432044329E9
50.16.19.13,1.431979656982301E9
107.170.40.203,1.43200202475E9
78.73.74.252,1.431903909E9
23.105.131.207,1.431925524E9
180.76.5.39,1.4319525185E9
67.215.172.14,1.431954336E9
204.15.164.228,1.431975947E9
89.238.251.138,1.4319795391666667E9
134.58.253.57,1.431997522E9
216.109.99.4,1.4320011352857144E9
201.242.142.135,1.43201551E9
78.128.48.215,1.4318859205E9
213.112.253.123,1.4318895271666667E9
216.14.208.102,1.431921945E9
66.147.242.187,1.431925545E9
204.93.54.173,1.431929124E9
96.242.86.110,1.4319471435E9
193.173.113.126,1.431986738E9
82.200.166.110,1.432001148E9
213.61.156.100,1.432027874142857E9
50.157.244.41,1.4320875265E9
54.204.20.249,1.432119952E9
180.76.5.149,1.431860739E9
77.230.140.4,1.4318895325E9
85.28.124.249,1.4318931291666667E9
189.214.42.128,1.431943525E9
128.61.92.96,1.4319604964285715E9
211.25.11.99,1.4319579166666667E9
202.7.107.76,1.431965109E9
195.14.72.29,1.4319795312857144E9
66.249.93.91,1.431997554E9
63.249.66.212,1.4320011325E9
173.36.196.6,1.4320731153333333E9
170.148.69.141,1.432080335E9
207.241.237.225,1.4318878717692308E9
74.125.176.81,1.431842728E9
72.174.22.174,1.4318751415E9
202.101.244.118,1.4318751245E9
66.147.244.126,1.431914713E9
180.76.5.213,1.432001156E9
193.146.92.166,1.432030533E9
83.206.120.18,1.4320731355E9
162.211.96.55,1.4321307381666667E9
63.140.98.80,1.43213793E9
65.55.213.73,1.4318609090333333E9
94.242.255.188,1.431885904E9
118.169.39.21,1.4320252904285715E9
180.76.6.63,1.431972351E9
194.186.207.105,1.4320456344545455E9
47.22.128.211,1.432130718E9
100.43.83.137,1.4319510261190476E9
75.97.9.59,1.4319320031391943E9
77.175.189.215,1.4318715418333333E9
46.105.125.31,1.431889519E9
81.170.148.153,1.4319435183333333E9
122.58.125.143,1.431972334E9
94.194.53.206,1.431979542E9
212.227.66.11,1.432040751E9
180.76.6.141,1.432116335E9
75.134.169.174,1.4318661263333333E9
220.181.108.149,1.431867902E9
123.125.71.72,1.431875121E9
208.43.255.31,1.4319435225E9
203.144.5.101,1.431975948E9
183.63.83.14,1.432008352E9
188.240.136.240,1.432011916E9
198.55.109.202,1.432055153E9
108.29.33.122,1.4320803356666667E9
109.9.166.16,1.432091123E9
76.103.82.13,1.431882328E9
81.187.167.236,1.431964234E9
74.221.220.196,1.431932735E9
69.167.81.126,1.4319543365E9
217.212.224.183,1.431939943E9
99.237.56.116,1.4318715515E9
95.37.5.175,1.43187874E9
123.125.71.85,1.431947157E9
180.76.6.131,1.431965148E9
123.125.71.56,1.432047935E9
78.49.133.207,1.432080329857143E9
157.55.33.15,1.432106735E9
199.204.56.18,1.4321127271666667E9
195.188.180.1,1.431875139E9
99.252.100.83,1.4318776156153846E9
178.48.154.212,1.431900351E9
186.231.123.210,1.4320346279230769E9
151.225.218.180,1.432080311E9
54.241.62.89,1.4321091185E9
92.237.208.151,1.4320875545E9
65.55.213.74,1.431862596724138E9
116.125.143.84,1.4318607285E9
85.11.191.105,1.431871523E9
93.104.161.108,1.4319098625882354E9
121.99.148.41,1.431972357E9
106.36.113.138,1.431983148E9
5.135.214.254,1.4320119375E9
24.21.55.63,1.4320119208333333E9
194.14.211.19,1.4320407293333333E9
199.15.233.140,1.432087537E9
76.14.236.249,1.4319111291666667E9
179.186.211.223,1.431925536E9
88.103.19.195,1.4320222566086957E9
195.38.23.137,1.432055132E9
65.55.52.111,1.432119951E9
180.76.5.214,1.4319663326666667E9
201.124.21.149,1.4319255313333333E9
106.187.34.32,1.43198673425E9
80.239.169.204,1.432015523E9
62.97.194.235,1.432037155E9
212.33.34.196,1.432076727142857E9
184.148.132.111,1.432134343E9
109.87.146.211,1.431860719E9
117.78.13.17,1.4318895345E9
87.219.103.122,1.4319075295E9
81.56.9.191,1.4319075495E9
122.56.232.122,1.43195433E9
24.84.241.107,1.4319651365E9
88.3.37.62,1.4319831315757575E9
121.189.37.60,1.4320083356E9
96.63.29.108,1.4320839296666667E9
129.10.115.56,1.432127141E9
24.236.252.67,1.43183914E9
64.134.102.242,1.431878733E9
74.125.19.82,1.4319854215454545E9
201.74.200.85,1.4318823E9
23.20.83.155,1.4318967315E9
123.125.71.114,1.431896739E9
157.55.35.45,1.431900327E9
123.125.71.97,1.431952537E9
113.252.200.224,1.4319687385E9
110.184.146.254,1.4319798949E9
113.212.68.167,1.4319975155E9
62.159.237.82,1.4320767296666667E9
91.236.74.121,1.432091141E9
24.0.194.37,1.4321019254375E9
50.132.55.62,1.4318679288E9
180.76.6.65,1.431957939E9
82.181.39.216,1.431871537E9
78.231.138.213,1.4319399035E9
203.99.205.107,1.4319867289705882E9
91.204.25.44,1.4320047272857144E9
72.167.232.223,1.432008314E9
185.5.152.85,1.432011902E9
86.56.94.63,1.4320191361666667E9
183.83.4.248,1.432076727E9
105.235.130.196,1.4318427286666667E9
207.241.237.103,1.431892482909091E9
14.1.42.114,1.431950708E9
187.214.29.27,1.431864318E9
106.79.29.147,1.4318751258333333E9
180.76.6.52,1.431898518E9
82.38.225.83,1.431903954E9
203.206.205.64,1.4319279338333333E9
180.76.6.213,1.431929132E9
180.76.6.230,1.431954333E9
180.153.236.175,1.431990308E9
81.210.53.2,1.4320947221666667E9
65.55.213.79,1.431853524857143E9
194.103.63.154,1.4319327355E9
109.189.132.223,1.4318967376666667E9
68.115.79.126,1.431943539E9
218.28.225.87,1.43199032E9
113.212.70.121,1.4319939253333333E9
36.250.177.94,1.432015548E9
92.236.181.94,1.4320983376666667E9
207.241.237.227,1.4318846651176472E9
82.145.219.13,1.4318931156666667E9
75.161.167.75,1.4319615406666667E9
216.152.243.152,1.4319687245E9
98.210.187.48,1.431975922E9
87.175.104.247,1.431975909E9
78.157.30.184,1.432033539E9
131.107.160.94,1.43208393E9
195.211.162.22,1.431867926E9
174.26.232.198,1.431882321E9
173.252.110.114,1.431893103E9
178.19.99.39,1.431907535E9
23.105.131.247,1.43193634E9
118.148.175.45,1.431968726E9
31.150.236.68,1.432062304E9
130.227.120.134,1.4321343195E9
220.241.45.142,1.4318463185E9
80.237.234.150,1.43188952575E9
99.151.9.144,1.431871543E9
188.236.57.27,1.431871504E9
193.61.104.6,1.4319093375E9
82.80.23.217,1.431990356E9
88.172.188.129,1.4320155355E9
108.28.155.98,1.4321349323333333E9
37.130.227.133,1.431857151E9
223.72.228.186,1.431875133E9
193.65.112.2,1.431975938E9
80.254.166.203,1.4320083305E9
186.93.16.149,1.432015557E9
217.174.111.254,1.4320371344E9
180.153.236.122,1.431900337E9
92.234.93.242,1.4319280987142856E9
157.55.32.84,1.431947121E9
116.50.181.5,1.4319579303333333E9
220.181.108.18,1.431961553E9
180.76.5.81,1.432040726E9
123.63.97.14,1.431990357E9
37.79.145.225,1.432029958E9
95.153.95.223,1.432037143E9
5.235.199.240,1.432055132E9
184.154.149.126,1.4320731305E9
190.181.197.43,1.432105537E9
23.30.147.145,1.4321194161785715E9
54.219.246.6,1.431961509E9
91.207.5.54,1.431907537E9
76.203.196.208,1.431907541E9
218.240.60.244,1.431939922E9
71.229.217.245,1.431939952E9
112.216.234.90,1.431967531E9
210.19.254.116,1.431957915E9
67.220.144.166,1.4320011495E9
195.228.139.91,1.432004729857143E9
77.231.200.120,1.432062347E9
66.249.85.135,1.4320767365E9
208.43.252.200,1.432001212047619E9
121.99.121.185,1.431972356E9
80.254.147.68,1.432004707E9
173.252.110.115,1.432127123E9
74.125.40.20,1.4319795535E9
74.125.176.149,1.4320059348333333E9
109.167.131.110,1.4318571244285715E9
173.252.110.119,1.4320101245E9
180.76.5.191,1.43196153E9
180.76.5.119,1.431990318E9
180.76.6.153,1.43199391E9
106.78.19.160,1.432062127E9
194.250.79.71,1.432082381E9
155.201.35.55,1.4321235218333333E9
24.114.40.26,1.432130752E9
217.69.133.236,1.431974112E9
203.41.198.36,1.4319363373333333E9
81.52.143.33,1.4319687145E9
88.159.158.68,1.431983106E9
46.190.80.53,1.431990325E9
46.33.196.184,1.4320047345E9
68.189.165.19,1.432123503E9
190.107.140.178,1.432127149E9
184.169.185.164,1.432130713E9
94.175.135.116,1.431849919E9
178.216.54.152,1.431867902E9
2.137.32.153,1.4318859198333333E9
68.120.89.142,1.4319651406666667E9
78.173.140.106,1.4320119416666667E9
89.191.52.88,1.4320124482857144E9
101.199.108.50,1.432026349E9
201.22.249.225,1.432040746E9
5.10.83.65,1.43211812825E9
180.183.207.146,1.4319363405E9
69.165.204.172,1.4319633405E9
180.76.5.147,1.431957946E9
176.10.104.96,1.4320011325E9
85.216.186.139,1.432044333E9
109.109.46.88,1.432083926E9
190.1.111.247,1.432112724E9
151.250.94.199,1.432127114E9
81.169.149.220,1.431853513E9
192.95.12.193,1.43185534275E9
142.197.51.102,1.43191114E9
5.9.143.150,1.43200114E9
62.134.44.20,1.432057696142857E9
212.107.116.234,1.432058734E9
180.76.6.147,1.432100112E9
157.55.33.183,1.432123554E9
122.167.215.241,1.43194713525E9
122.61.197.176,1.431954335E9
192.118.118.1,1.4319714988461537E9
124.124.1.57,1.432051559E9
82.80.14.189,1.4320623248275862E9
5.10.83.30,1.432112751E9
177.73.254.10,1.4321127383333333E9
182.253.73.95,1.4321271215E9
194.29.137.5,1.4318535239285715E9
180.76.5.20,1.431885901E9
189.148.62.33,1.431950729E9
184.154.15.210,1.4319723115E9
78.134.38.242,1.431997551E9
173.236.61.220,1.43204794E9
213.181.52.10,1.4320839343333333E9
72.182.137.233,1.432130746E9
88.112.19.251,1.4318554861818182E9
193.238.231.119,1.4319081258333333E9
92.108.120.46,1.4318499275E9
31.142.223.246,1.431857121E9
176.58.196.36,1.431871521E9
79.235.40.176,1.431889536E9
107.170.40.200,1.4319423096666667E9
180.76.6.151,1.431943534E9
14.140.163.52,1.431968732E9
178.172.239.240,1.4320011344E9
5.102.10.173,1.4320083378333333E9
193.104.184.225,1.4320299377142856E9
113.189.161.125,1.432047944E9
213.160.109.10,1.4320721105714285E9
86.9.201.133,1.4320875245E9
72.54.172.193,1.4320911363333333E9
50.180.79.170,1.4319867535E9
108.91.82.251,1.431860733857143E9
98.202.182.168,1.431900314E9
209.148.84.30,1.43199031E9
176.195.140.189,1.432026358E9
54.227.17.146,1.432037124E9
89.107.177.18,1.4320983324324324E9
216.56.20.98,1.432105528E9
157.127.239.146,1.4321127266666667E9
174.37.205.76,1.431842719E9
220.181.108.153,1.431842709E9
144.76.95.39,1.4320773956296296E9
180.76.5.196,1.431939901E9
91.207.8.61,1.4319615455E9
173.166.158.222,1.4320695273333333E9
80.108.184.97,1.4321091233333333E9
80.94.240.100,1.432134306E9
213.10.136.118,1.431936327857143E9
61.119.116.21,1.431939911E9
157.55.32.142,1.431972331E9
118.96.89.249,1.432001141E9
80.48.102.35,1.4320083275E9
61.156.217.135,1.4320443195E9
84.75.200.115,1.431903918E9
23.105.131.2,1.431929145E9
42.156.136.43,1.431954353E9
118.82.184.54,1.431965129E9
63.141.248.27,1.431975939E9
72.223.76.198,1.4319831351666667E9
220.181.108.162,1.432037154E9
157.55.32.107,1.432044332E9
199.187.125.26,1.432058727E9
74.125.40.16,1.431990337E9
94.7.95.97,1.4319116375714285E9
166.37.114.52,1.4319507346666667E9
8.35.201.49,1.432112731E9
188.176.12.4,1.4321271185E9
199.16.156.126,1.43195612925E9
50.18.71.222,1.431857118E9
84.137.208.44,1.4318695266666667E9
68.174.223.12,1.4318715316666667E9
182.118.20.213,1.431878731E9
213.112.247.129,1.431878723E9
208.115.113.88,1.431993633662162E9
24.183.21.30,1.431939934E9
192.118.78.198,1.432047915E9
66.249.88.135,1.432091138E9
50.131.51.216,1.4318590365882354E9
68.180.224.225,1.4320038582525253E9
77.0.42.68,1.4318865288333333E9
50.90.110.61,1.431889541E9
74.125.176.84,1.432001142E9
2.85.194.19,1.43205875E9
152.23.4.70,1.432073133E9
208.115.111.72,1.4319698097831326E9
197.206.232.180,1.431860734E9
68.193.198.76,1.431867941E9
71.191.158.163,1.4319003305E9
49.50.247.181,1.431990358E9
200.85.183.174,1.4320803211666667E9
211.125.92.233,1.43209113E9
216.143.11.118,1.432091113142857E9
54.203.120.42,1.432134311E9
111.93.41.206,1.431878743E9
199.168.96.66,1.4319327265609756E9
199.74.99.157,1.431954346E9
66.249.74.55,1.431979515E9
81.52.143.34,1.431986722E9
213.133.224.50,1.432040729E9
82.209.214.162,1.432065956E9
92.115.179.247,1.4321379303333333E9
67.220.144.164,1.431871528E9
70.127.254.161,1.431882333E9
180.76.5.204,1.431939951E9
84.52.150.17,1.4319255334285715E9
208.43.255.27,1.431955883E9
62.44.32.116,1.4319903383333333E9
98.130.2.118,1.431990355E9
93.210.154.199,1.432008329E9
134.158.231.20,1.4320911266666667E9
216.16.195.52,1.4321055415E9
117.7.102.100,1.431947136E9
50.97.97.54,1.431954328E9
118.126.5.149,1.4319759105E9
66.249.80.24,1.431997548E9
80.241.254.122,1.432022739E9
217.12.185.5,1.43206103072E9
220.209.87.113,1.4320515308333333E9
177.6.142.6,1.4321091193333333E9
82.233.80.245,1.43211273E9
208.93.0.48,1.431986352E9
107.170.40.198,1.43196874E9
50.177.153.223,1.431914741E9
95.49.190.247,1.431936335E9
2.51.241.128,1.431983119E9
178.152.18.59,1.4319903255E9
92.50.146.166,1.4320299248333333E9
87.109.78.50,1.432091118E9
79.148.255.215,1.4321073335E9
81.190.174.219,1.4321059105263157E9
192.99.12.169,1.4321343265E9
123.125.71.116,1.431867934E9
71.207.215.148,1.4318787265E9
180.76.5.61,1.431907503E9
180.76.6.231,1.431936334E9
108.178.13.202,1.431939916E9
180.166.130.86,1.431947132E9
27.251.237.154,1.431960502857143E9
199.119.124.45,1.432026326E9
80.187.96.71,1.4320731355E9
91.114.206.13,1.4320875257142856E9
174.26.93.238,1.4321109313333333E9
75.144.62.181,1.4319405846363637E9
65.55.215.241,1.4319543223333333E9
54.215.54.10,1.431965135E9
208.88.254.164,1.432069509E9
83.69.235.12,1.4320839373333333E9
12.110.81.190,1.4321307325714285E9
176.31.39.30,1.4321379295E9
81.220.24.207,1.4318391325E9
213.21.42.46,1.43186075E9
94.79.44.40,1.4318877258333333E9
66.249.83.239,1.4320551095E9
188.9.138.189,1.43208753875E9
132.252.139.85,1.4321019284E9
178.191.44.227,1.4318463295E9
83.253.123.163,1.431897760857143E9
86.130.160.107,1.4319031303333333E9
188.250.157.192,1.4319507251666667E9
62.112.244.2,1.43197953E9
54.244.142.254,1.431986702E9
85.248.108.8,1.4319975263333333E9
193.244.33.47,1.4320155302857144E9
103.245.44.13,1.43208754875E9
194.146.132.138,1.4320479258333333E9
108.61.140.67,1.432076717E9
198.167.137.156,1.4321091105E9
180.76.5.187,1.432112738E9
98.173.30.75,1.4321235045E9
109.163.234.2,1.432134314E9
74.125.176.146,1.431983528E9
184.162.26.147,1.431957929875E9
162.210.196.130,1.431997522E9
91.220.39.15,1.4320509388333333E9
157.55.33.19,1.432091123E9
199.102.67.16,1.431903927E9
88.115.211.201,1.431907515E9
192.185.81.134,1.431914734E9
119.63.193.130,1.431932726E9
49.224.226.115,1.431950739E9
204.93.54.238,1.431997542E9
194.105.145.147,1.4320767315E9
86.101.235.77,1.43208751E9
198.50.175.174,1.432091126E9
185.38.249.133,1.432091134E9
91.180.146.16,1.4321271318333333E9
89.176.234.221,1.431857127E9
180.76.5.59,1.431864319E9
180.76.6.142,1.4319075105E9
54.219.196.51,1.431932735E9
157.55.33.44,1.431925501E9
37.241.118.235,1.431947153E9
117.211.161.185,1.432026338E9
130.239.41.58,1.432069526E9
199.30.24.78,1.432134333E9
217.71.46.55,1.431864317E9
192.3.22.170,1.4318895185E9
82.145.208.98,1.431939932E9
24.237.38.218,1.431972334125E9
95.78.54.93,1.432019128E9
68.40.205.212,1.432083918E9
5.10.83.23,1.4321220768E9
180.76.5.151,1.432130746E9
198.228.201.147,1.4318571243333333E9
91.221.131.30,1.4318643222105262E9
199.47.180.6,1.431878748E9
93.139.195.61,1.431911134E9
157.55.35.80,1.43194713E9
50.158.157.89,1.431951185625E9
204.93.54.178,1.43201913175E9
77.11.205.74,1.4319945353333333E9
180.76.6.51,1.432029927E9
117.195.177.223,1.43203412E9
193.50.193.83,1.432056021E9
159.50.249.148,1.432091133E9
180.76.5.189,1.432101903E9
120.59.2.54,1.4318643253333333E9
88.198.255.242,1.43193092625E9
180.76.6.28,1.4319747243333333E9
101.226.168.198,1.431911126E9
199.30.20.65,1.431911129E9
83.139.110.254,1.432044348E9
130.226.230.7,1.4320803394285715E9
216.151.137.35,1.432127123E9
62.108.180.233,1.43191114E9
41.141.61.166,1.431925535E9
180.76.6.144,1.432022734E9
80.108.25.232,1.431963931939394E9
195.250.51.10,1.4319723438333333E9
180.76.5.77,1.432004753E9
121.209.208.128,1.4320263401666667E9
194.45.150.17,1.4320515426666667E9
180.211.69.209,1.43205511E9
96.127.149.186,1.432069553E9
50.2.225.202,1.432073136E9
46.119.119.29,1.4318607113333333E9
184.154.88.108,1.4319111305E9
157.56.93.40,1.431914751E9
74.125.40.19,1.4320035066666667E9
74.125.19.215,1.43195075E9
199.59.148.210,1.431954326E9
192.254.157.212,1.431968712E9
95.128.40.244,1.431990309E9
54.242.254.219,1.4320047175E9
83.42.229.238,1.4320443289444444E9
91.231.179.253,1.4320731331666667E9
112.110.247.238,1.431846327E9
80.153.191.173,1.431860727E9
184.60.23.120,1.431885919E9
180.76.6.46,1.4320227315E9
49.230.158.243,1.431939914E9
141.92.19.36,1.432008343E9
138.96.204.237,1.432022728142857E9
5.39.50.0,1.432026303E9
209.85.238.199,1.4319755784705882E9
157.55.32.190,1.4319795275E9
107.170.40.204,1.4320062695714285E9
66.6.147.80,1.4319579313333333E9
93.91.233.50,1.43196512E9
59.252.170.29,1.431965151E9
46.29.8.202,1.431997531E9
150.101.171.78,1.4320299268333333E9
217.17.193.66,1.432055122E9
195.56.119.209,1.4320839331666667E9
183.60.244.20,1.432127106E9
116.199.211.249,1.432137916E9
71.9.98.194,1.4318643305E9
188.122.8.79,1.4318707062307692E9
74.125.19.80,1.4320256008E9
112.202.18.45,1.431968727E9
62.47.98.178,1.4320263255E9
199.247.189.63,1.4320407321666667E9
203.118.242.184,1.431846358E9
157.56.92.164,1.431864308E9
131.253.24.32,1.43190033E9
178.32.216.134,1.43196872225E9
161.72.16.78,1.4320587243333333E9
66.162.222.50,1.43210013175E9
173.213.99.1,1.4321091445E9
54.225.104.196,1.432119924E9
202.156.10.11,1.431853528E9
5.255.75.89,1.431875125E9
178.255.215.71,1.4319659713529413E9
157.55.32.185,1.431939958E9
14.203.126.78,1.4319615386666667E9
180.76.6.130,1.432044348E9
188.80.229.128,1.4320119241666667E9
199.119.124.43,1.432055136E9
79.215.79.185,1.432087545E9
202.65.130.3,1.431860723E9
219.137.88.123,1.431860703E9
50.58.161.66,1.431911135E9
68.4.202.231,1.4319478548E9
157.55.33.88,1.4320035296666667E9
204.19.246.36,1.431950709E9
192.3.183.199,1.4319903175E9
103.25.13.22,1.432026338E9
223.67.143.84,1.432055111E9
41.251.155.27,1.432069523E9
79.118.91.108,1.432069527E9
212.48.66.64,1.432080328E9
23.94.36.245,1.4320767365E9
173.231.106.34,1.432131284E9
157.55.33.17,1.432130724E9
220.181.108.178,1.431875136E9
155.63.71.11,1.4318823353333333E9
98.227.31.237,1.4318895385E9
61.135.190.100,1.432026349E9
193.252.149.15,1.432029919E9
203.145.79.41,1.432091139E9
193.33.2.113,1.4320927876923077E9
94.253.195.219,1.4321209645714285E9
117.227.171.181,1.4318535201666667E9
112.110.247.244,1.4318679425E9
70.193.72.87,1.431889531E9
178.19.99.105,1.431941727E9
37.220.7.250,1.43199572525E9
79.171.127.34,1.432004077060606E9
123.125.71.82,1.432037145E9
94.228.34.233,1.4319594577142856E9
105.235.218.242,1.4318967286666667E9
173.232.105.27,1.431900314E9
69.234.185.154,1.4319075238333333E9
112.208.14.199,1.431936311E9
180.180.100.65,1.431939923E9
117.192.147.163,1.431950757E9
180.76.6.66,1.431954359E9
36.37.235.225,1.431990329E9
180.76.5.116,1.431997543E9
209.141.128.208,1.432037129857143E9
134.99.112.2,1.43203711E9
93.80.29.12,1.4321127313333333E9
86.96.42.185,1.431884132E9
83.222.46.173,1.43190033E9
74.125.40.18,1.431903944E9
125.236.205.70,1.431950739E9
180.76.5.145,1.431954314E9
193.252.149.222,1.432002941E9
49.206.120.190,1.4321163314E9
88.134.8.254,1.431900344E9
70.186.197.197,1.4319219198333333E9
210.13.83.18,1.43194415675E9
99.101.69.97,1.4319471282E9
193.252.118.167,1.431979528E9
91.183.139.98,1.4320191313333333E9
79.84.40.134,1.4320979313888888E9
173.252.103.7,1.432127105E9
217.69.133.237,1.43191112725E9
74.125.176.144,1.4319599217777777E9
50.139.66.106,1.4318855829230769E9
201.26.152.202,1.4319413268888888E9
128.61.85.15,1.4319471364285715E9
89.156.153.83,1.4320587318333333E9
199.30.20.64,1.432094749E9
71.59.29.242,1.431889516E9
78.157.154.210,1.4319039321764705E9
91.236.75.25,1.4320607293333333E9
98.252.226.135,1.4319125649E9
208.50.255.30,1.431947111E9
220.181.51.37,1.431990312E9
203.116.198.120,1.43201554E9
96.254.233.150,1.432053334E9
184.154.170.122,1.4321271255E9
192.30.34.115,1.431867921E9
152.16.50.192,1.431875143E9
178.137.95.70,1.431909345E9
92.230.229.41,1.4319255118333333E9
157.55.35.36,1.4319273175E9
216.151.154.100,1.431939942E9
89.182.254.89,1.432015504E9
95.148.254.71,1.4320371321666667E9
108.178.45.172,1.432069537E9
89.121.200.106,1.432083935E9
148.241.190.81,1.432130751E9
74.125.40.21,1.4319195463333333E9
124.35.244.2,1.431950724E9
96.49.214.84,1.4319939247142856E9
178.250.45.51,1.432051523E9
204.62.56.3,1.4321235267941177E9
176.31.103.52,1.43186073375E9
37.31.40.234,1.431867917E9
199.30.20.7,1.4318895015E9
65.172.240.122,1.4319363326666667E9
46.161.41.24,1.4320107213333333E9
216.150.76.218,1.431979539E9
180.76.6.137,1.432026333E9
189.71.37.115,1.4321307271666667E9
180.76.6.53,1.431882331E9
99.11.114.240,1.43192732E9
41.189.161.63,1.431975901E9
61.246.186.198,1.4319867186666667E9
180.76.5.152,1.432047938E9
82.178.75.63,1.432069543E9
94.222.112.110,1.431860734E9
27.159.203.227,1.431887735E9
195.242.218.133,1.431903927E9
180.76.5.167,1.431936336E9
195.160.233.249,1.4320083282E9
198.245.61.43,1.4320263486666667E9
196.196.16.139,1.432033501E9
180.76.6.50,1.432047948E9
188.178.214.179,1.4320623195E9
2.241.35.167,1.43208752759375E9
5.10.83.91,1.432124963E9
91.151.182.109,1.43213793E9
85.170.84.143,1.4318463344E9
112.110.247.250,1.431867922E9
74.125.19.83,1.4319807213333333E9
217.172.190.158,1.4319147225E9
67.244.81.209,1.431933246857143E9
121.162.188.120,1.431939953E9
80.130.134.87,1.4320983165E9
23.231.5.40,1.431857157E9
202.86.115.186,1.4319137032857144E9
115.112.80.98,1.431957924E9
14.207.105.216,1.4319651365E9
204.93.54.176,1.431979507E9
173.0.50.24,1.43200832E9
70.210.13.207,1.432011914E9
212.234.218.51,1.432015524E9
178.213.67.2,1.432062331E9
50.59.104.212,1.4320839231666667E9
67.214.178.190,1.431839133E9
66.168.50.129,1.431846338E9
157.56.229.247,1.431973527E9
114.69.226.80,1.431903926E9
88.162.202.146,1.431911102E9
46.118.125.84,1.4319687256666667E9
41.223.160.233,1.432051555E9
60.29.35.14,1.4320551455E9
207.255.245.133,1.4318679203333333E9
94.23.106.234,1.4318967405E9
98.64.39.111,1.431972353E9
195.14.103.53,1.4320155302857144E9
204.236.153.140,1.432026315E9
182.253.23.3,1.4320677246666667E9
12.165.188.130,1.432087519E9
183.60.214.19,1.432105546E9
24.115.69.95,1.432134327E9
223.81.196.65,1.431846314E9
173.192.238.58,1.4320311066666667E9
64.80.110.74,1.4318823273333333E9
63.223.125.170,1.43198133E9
14.141.91.20,1.431995125E9
199.30.20.8,1.4319759135E9
67.220.144.83,1.432033515E9
54.221.138.247,1.432047941E9
173.236.32.219,1.432065951E9
79.197.82.119,1.4321199281666667E9
86.43.205.189,1.4321271E9
66.249.81.91,1.4319047621538463E9
91.179.36.136,1.431914732E9
202.46.62.20,1.4319327E9
216.152.249.242,1.4319916208E9
77.234.68.135,1.432112744E9
24.97.227.132,1.4321235348E9
2.38.110.208,1.432123545E9
141.142.223.45,1.4321271356666667E9
69.171.248.3,1.431893132E9
82.98.148.169,1.4319291155E9
118.97.174.156,1.4319471162857144E9
107.170.40.201,1.43199302575E9
5.102.48.12,1.4320281225E9
65.52.104.233,1.4320371278E9
82.181.180.138,1.4320587167142856E9
184.153.164.52,1.4321055278333333E9
188.192.27.241,1.432109582125E9
207.241.237.220,1.4318851282777777E9
68.184.202.186,1.431842722E9
54.196.174.134,1.431871509E9
74.125.19.81,1.4320059296666667E9
203.211.107.162,1.431950717E9
152.118.148.226,1.431972329E9
37.115.186.244,1.432011932E9
188.165.58.197,1.431993926E9
75.132.156.143,1.4320011233333333E9
130.229.158.194,1.4320047233333333E9
99.171.108.193,1.4320083341666667E9
20.137.2.50,1.432040705E9
213.193.72.155,1.4320551366666667E9
186.202.153.56,1.432073137E9
78.57.150.9,1.4321235315E9
92.100.97.83,1.432127128E9
178.84.1.162,1.431885946E9
85.19.71.167,1.431907516E9
37.237.137.58,1.431925543E9
92.230.101.44,1.431954343E9
108.171.116.194,1.4319626387692308E9
222.77.201.107,1.43189852525E9
125.239.92.211,1.431979542E9
50.87.144.128,1.431983144E9
5.56.158.218,1.432019133E9
62.225.70.202,1.4320515256363637E9
129.184.84.11,1.4320731285E9
72.4.104.94,1.4321163236666667E9
86.166.162.41,1.432130719E9
186.22.52.72,1.4319075375E9
81.130.81.254,1.432019121E9
193.185.55.253,1.4320587353333333E9
194.171.252.104,1.4320731241666667E9
129.184.84.13,1.432073134E9
192.44.32.8,1.432085286E9
111.199.235.239,1.4318498291351352E9
185.26.239.20,1.431860743E9
62.161.94.37,1.431871519E9
79.114.119.129,1.431896709E9
107.170.9.55,1.432034245E9
157.56.229.184,1.431925523E9
122.248.149.254,1.4319471515E9
46.105.37.142,1.431968735E9
95.82.59.254,1.4319873243333333E9
182.68.184.78,1.432015534E9
180.76.5.28,1.432112759E9
157.56.92.142,1.432123544E9
67.61.65.249,1.431875130868421E9
5.39.4.211,1.431954353E9
208.43.255.26,1.431957953E9
37.236.9.107,1.431968703E9
195.122.146.186,1.431975953E9
173.252.74.119,1.431997544E9
193.40.6.84,1.4320659333333333E9
68.65.254.140,1.431880517E9
81.154.31.181,1.4318823292E9
83.105.90.45,1.4319003308333333E9
23.92.61.96,1.431925548E9
74.80.168.244,1.431979516E9
59.124.251.135,1.4319867206666667E9
210.71.251.31,1.4319975308333333E9
181.160.193.212,1.4320281338333333E9
82.135.32.98,1.4320731392857144E9
97.82.80.65,1.4320803261111112E9
185.37.161.34,1.432109131E9
74.125.40.17,1.4319711413333333E9
187.60.96.7,1.431903941E9
201.141.65.112,1.431947114E9
178.140.172.164,1.432022705E9
182.64.207.187,1.432037139E9
97.74.24.113,1.432087559E9
199.30.25.233,1.432105516E9
83.161.149.61,1.4318751515E9
94.197.120.210,1.431925529E9
24.151.226.65,1.43192551E9
172.251.97.53,1.431925528E9
217.69.133.239,1.431979526E9
89.218.93.74,1.4319996294166667E9
1.22.35.226,1.4320155346666667E9
147.210.12.12,1.43207675E9
95.91.242.50,1.4318823265E9
187.16.77.116,1.431929134E9
121.54.41.121,1.431939942E9
117.28.234.67,1.4319409482857144E9
213.5.179.37,1.431947126E9
180.76.5.98,1.432040717E9
160.92.7.69,1.4320083365E9
180.222.70.88,1.43203714E9
98.245.87.136,1.4320695335E9
165.139.161.160,1.432112737E9
202.156.10.254,1.4318535276666667E9
112.110.247.233,1.431867952E9
69.181.104.228,1.431907529E9
203.173.130.29,1.431954328E9
89.44.18.87,1.4320299335E9
158.136.112.187,1.432055136E9
109.231.204.82,1.4320983235E9
92.239.20.53,1.4318463405E9
65.19.138.33,1.43198314E9
37.194.3.12,1.4318715122E9
216.152.243.146,1.431943503E9
118.93.208.204,1.431968708E9
182.253.73.51,1.431979521E9
218.188.93.140,1.4319831331666667E9
213.124.13.242,1.4320479325E9
123.125.71.41,1.432062321E9
84.233.151.236,1.4320659303333333E9
82.24.16.46,1.432112708E9
177.141.70.11,1.4321163228333333E9
178.32.31.15,1.4321307335E9
98.248.53.169,1.4318715278E9
69.171.248.4,1.431893123E9
50.149.129.119,1.431939929E9
70.112.152.59,1.4319507266666667E9
74.105.15.185,1.4319507314E9
86.103.158.181,1.43203354E9
87.6.86.34,1.432037134E9
46.65.248.177,1.4320371355E9
78.19.193.147,1.4321271161666667E9
93.114.45.13,1.4318391191666667E9
89.100.113.231,1.431860734E9
217.69.133.238,1.431944256E9
96.127.213.6,1.4319039295E9
79.116.60.76,1.43190394E9
46.118.158.25,1.431929119E9
194.249.247.164,1.4319748922857144E9
77.185.166.237,1.431972342E9
61.16.241.98,1.4320119273333333E9
71.59.185.163,1.432094751E9
91.232.96.8,1.4321307196E9
54.255.13.204,1.4318427271666667E9
207.241.237.221,1.4318867235555556E9
198.143.156.2,1.431860738E9
131.191.91.87,1.43186431E9
74.207.228.17,1.4319291465E9
78.97.239.35,1.4319111295E9
91.236.74.5,1.431929148E9
114.141.164.18,1.431947651E9
203.219.2.2,1.4319507285E9
182.253.38.89,1.4319651345E9
82.136.45.164,1.4320227322E9
93.191.160.193,1.4320227271666667E9
162.44.252.21,1.4320443248333333E9
83.31.36.250,1.4320821285E9
74.125.176.151,1.4319840345E9
88.184.51.134,1.431858162857143E9
177.106.12.201,1.431925982125E9
100.2.4.116,1.4319759278333333E9
186.93.30.106,1.432015515E9
81.136.131.79,1.432055121E9
177.132.188.205,1.4320731308333333E9
50.150.204.184,1.431839146E9
207.241.237.226,1.4318813551818182E9
200.50.183.132,1.431903941E9
68.88.73.113,1.4319231258333333E9
67.233.210.41,1.4319377626E9
131.253.24.47,1.431954326E9
185.4.253.67,1.431972153E9
202.68.209.129,1.4319831278333333E9
206.161.220.42,1.431997518E9
130.193.173.90,1.432091115E9
173.162.242.85,1.432116302E9
123.125.71.35,1.431839146E9
67.170.98.63,1.4318691273333333E9
94.23.164.135,1.4318967363333333E9
75.93.220.113,1.431914719E9
54.225.29.47,1.431925517E9
37.115.190.128,1.432004726E9
180.76.5.73,1.432127107E9
180.76.6.233,1.4320227275E9
66.249.84.69,1.4320119E9
66.249.84.55,1.4320191325E9
147.142.186.54,1.4320257281666667E9
186.9.133.54,1.432055115E9
85.43.182.12,1.4320695372222223E9
130.126.255.121,1.4321091288333333E9
184.151.222.45,1.432109157E9
108.77.164.97,1.431867951E9
77.125.123.137,1.4318805285E9
50.2.225.180,1.4319435265E9
103.247.192.5,1.431957942E9
75.127.15.68,1.432069532E9
173.236.34.182,1.432094721E9
195.176.191.93,1.4321163281666667E9
195.44.196.178,1.4319075283333333E9
176.92.75.62,1.4319696771304348E9
188.205.61.177,1.4319903376666667E9
93.17.51.134,1.4320051444651163E9
188.165.243.45,1.4320695153333333E9
79.176.36.151,1.432080325142857E9
14.18.25.243,1.4320839248333333E9
119.63.196.17,1.432091141E9
5.10.83.105,1.4321115156666667E9
185.2.138.125,1.4319003232857144E9
76.115.204.132,1.4319219315E9
203.82.66.233,1.431954355E9
98.234.37.228,1.431975925E9
59.167.142.22,1.431990325E9
172.245.214.208,1.432004738E9
130.243.172.179,1.4320335297777777E9
128.237.28.16,1.431864349E9
182.72.242.3,1.431975951E9
184.154.153.210,1.431993949E9
122.57.173.238,1.431997551E9
89.238.233.38,1.4320376564285715E9
109.195.177.171,1.4320407258333333E9
199.30.20.30,1.4320551285E9
5.10.83.82,1.4321271285E9
134.192.71.41,1.432127138E9
64.128.17.78,1.43187152E9
180.76.5.173,1.431930956E9
89.68.134.81,1.431946239875E9
94.153.8.37,1.431972302E9
193.148.35.14,1.432022758E9
69.175.14.230,1.432073113E9
129.10.115.241,1.43212714E9
93.164.60.142,1.431846331E9
195.250.34.144,1.4318643373333333E9
89.136.142.105,1.43199572625E9
108.15.20.23,1.4320767235E9
64.131.102.243,1.432112733625E9
150.162.56.185,1.432120089173913E9
91.99.29.38,1.4321163193333333E9
198.143.144.61,1.431882331E9
107.170.40.197,1.431998717E9
54.234.1.193,1.431893148E9
76.167.133.189,1.4319543306666667E9
46.118.126.53,1.43196872E9
180.76.5.157,1.432004716E9
88.218.141.221,1.4320155326666667E9
88.210.182.128,1.4320263396666667E9
84.121.6.23,1.4320443422E9
94.93.82.148,1.432069518875E9
157.55.33.49,1.4321181205E9
183.60.215.50,1.432119945E9
200.49.190.101,1.431839128E9
50.103.242.61,1.43187513E9
180.235.148.243,1.43190391E9
23.105.131.70,1.431925507E9
88.120.89.50,1.4319430300689654E9
180.180.78.19,1.4320263235E9
198.20.79.140,1.4320371375E9
198.50.227.136,1.432080308E9
83.221.67.237,1.432098336E9
212.242.185.85,1.4318463168333333E9
71.171.122.192,1.431864359E9
112.110.247.227,1.431867908E9
93.152.153.38,1.4318715386E9
69.171.237.9,1.431900324E9
41.99.29.14,1.431900322E9
199.30.20.161,1.4319075245E9
88.198.156.152,1.432123504E9
173.252.73.114,1.43185353E9
79.114.20.37,1.431871532E9
174.51.6.146,1.4319567343333333E9
74.93.1.97,1.431997511E9
176.46.113.39,1.432073129E9
178.213.66.2,1.4320767226666667E9
62.4.19.142,1.432123524E9
180.76.6.14,1.432123547E9
